{
	"pattrstorage" : 	{
		"name" : "main_env_params",
		"slots" : 		{
			"1" : 			{
				"id" : 1,
				"data" : 				{
					"Main Env Sens" : [ 133.558656304922152 ],
					"u592027755" : [ 2992.125984251972113 ],
					"u592027755[1]" : [ 9.0 ],
					"u592027755[2]" : [ 0.48 ]
				}

			}

		}

	}

}
