{
	"pattrstorage" : 	{
		"name" : "monitor_mix",
		"slots" : 		{
			"1" : 			{
				"id" : 1,
				"data" : 				{
					"metro_volume" : [ -16.141732283464595 ],
					"limiter gain" : [ 12.0 ],
					"solo boost[1]" : [ -35.640994094488192 ],
					"playback bus vol" : [ -7.71653543307086 ],
					"solo trim main out[1]" : [ -9.0 ]
				}

			}

		}

	}

}
