{
	"pattrstorage" : 	{
		"name" : "sidechained_kick_params",
		"slots" : 		{
			"1" : 			{
				"id" : 1,
				"data" : 				{
					"trig-val[1]" : [ 0.665116279069767 ],
					"reset-trig-val" : [ 0.33706390861377 ],
					"cutoff[1]" : [ 103.711753187862044 ],
					"rez" : [ 77.165354330708738 ],
					"slide[1]" : [ 40.157480314960601 ],
					"function[1]" : [ 1000.0, 0.0, 1.0, 0.0, 1.0, 0, 0.0, 125.0, 0.0, 0, -0.7, 425.925925925925924, 0.528301886792453, 0, 0.55, 1000.0, 1.0, 0, -0.795, "curve" ],
					"stutter-intelligence" : [ 1 ],
					"main_mix" : [ 11.811023622047244 ],
					"timeFX_mix" : [ 79.527559055118175 ],
					"loopers_mix" : [ 0.0 ],
					"smooth samples" : [ 28.0 ]
				}

			}

		}

	}

}
