{
	"pattrstorage" : 	{
		"name" : "SousaFX Background Color Preference",
		"slots" : 		{
			"1" : 			{
				"id" : 1,
				"data" : 				{
					"hue" : [ 0.909836065573771 ],
					"sat" : [ 0.171357012750455 ],
					"lite" : [ 0.283788706739526 ],
					"trans" : [ 0.636111111111111 ]
				}

			}

		}

	}

}
